{
  "metrics": {
    "pr_auc": 0.07584611029140154,
    "roc_auc": 0.5382744039127777
  },
  "thresholds": {
    "0.95": {
      "fpr": 0.9236804564907275,
      "threshold": 0.07864430519201371
    },
    "0.9": {
      "fpr": 0.8644793152639088,
      "threshold": 0.1102526729875647
    }
  }
}