{
  "metrics": {
    "pr_auc": 0.076012396612258,
    "roc_auc": 0.537146680469115
  },
  "thresholds": {
    "0.95": {
      "fpr": 0.9236804564907275,
      "threshold": 0.07861796058170331
    },
    "0.9": {
      "fpr": 0.8651925820256776,
      "threshold": 0.11035176194182962
    }
  }
}