{
  "metrics": {
    "pr_auc": 0.9728466510229148,
    "roc_auc": 0.9638668350775893
  },
  "thresholds": {
    "0.95": {
      "fpr": 0.25735294117647056,
      "threshold": 0.41369322634258987
    },
    "0.9": {
      "fpr": 0.10294117647058823,
      "threshold": 0.5644988007128925
    }
  }
}