{
  "metrics": {
    "pr_auc": 0.9733368573389383,
    "roc_auc": 0.978445710549832
  },
  "thresholds": {
    "0.95": {
      "fpr": 0.11135213304410702,
      "threshold": 0.07573605700775127
    },
    "0.9": {
      "fpr": 0.03976861894432393,
      "threshold": 0.386149973380306
    }
  }
}