{
  "metrics": {
    "pr_auc": 0.9541506797344722,
    "roc_auc": 0.9334935276335168
  },
  "thresholds": {
    "0.95": {
      "fpr": 0.36082474226804123,
      "threshold": 0.2733507615375289
    },
    "0.9": {
      "fpr": 0.25773195876288657,
      "threshold": 0.2972678021138668
    }
  }
}