{
  "coef": [
    [
      4.136304424606794,
      2.845181289929742
    ]
  ],
  "intercept": [
    -3.3004146173449964
  ]
}