{
  "coef": [
    [
      1.3305840765709646e-36,
      1.598391269664195e-36,
      1.2420420922569796e-36,
      2.3300254039560636e-38,
      1.6503727117352653e-36,
      1.0966514979290703e-37,
      0.0,
      0.0,
      1.0091852228037768e-34,
      2.3709020579744675e-36,
      -7.969297054299105e-38,
      -4.788673206898566e-39,
      0.0,
      1.7194219802075366e-37,
      0.0,
      0.0,
      0.0,
      -7.751614291108545e-38,
      -4.954328082223519e-38,
      -9.370412368259477e-34,
      -5.818526645659118e-35,
      4.4426382854247e-36,
      -1.3871688352429719e-36,
      -9.808086355814968e-34,
      1.8525036604681634e-34,
      -9.370412368259477e-34,
      0.0,
      4.4426382854247e-36,
      3.2318653242532583e-37,
      -1.1014180201174396e-34,
      -1.5079600384177377e-35,
      -1.1014180201174396e-34,
      -1.5079600384177377e-35,
      -5.716273577990482e-20,
      -1.3600651001299582e-35,
      -2.0287458287085226e-37,
      -2.5351965896804684e-35,
      1.5625732815279667e-35,
      -2.7558996202622705e-35,
      -7.86947078057886e-36,
      1.3029653240962974e-37,
      -7.783257063043989e-38,
      1.121096504442709e-37,
      2.3547320891866266e-36,
      -1.0879234502904676e-37,
      6.674560419156532e-37,
      3.739380285992504e-19,
      1.3029653240962974e-37,
      -2.642575712916155e-37,
      2.3547320891866266e-36,
      -8.414645284235111e-38,
      -3.48933710757335e-38,
      -1.4763128688317162e-39,
      -1.2953677299469822e-38,
      -4.289297854336521e-37,
      -1.571510027527913e-37,
      -8.426063265567167e-19,
      9.805237481451931e-36,
      -1.6200976396911808e-37,
      3.951630594597157e-36,
      -8.368292602515574e-36,
      -1.46200012815671e-37,
      -1.5286961703581516e-37,
      0.0,
      0.0,
      -3.7040461756063004e-37,
      -2.100280330712586e-37,
      -4.917519353049864e-38,
      -2.762646147999319e-35,
      -7.394315492325786e-39,
      0.0,
      0.0,
      -2.515571311643433e-38,
      0.0,
      -8.841813744038204e-20,
      -3.67084877973128e-36,
      8.829815830019743e-37,
      1.4537868263286565e-20,
      -2.209959806452583e-37,
      -8.261573657916958e-35
    ]
  ],
  "intercept": [
    1.918048062635022e-36
  ],
  "feature_names": [
    "p_dom",
    "p_js",
    "p_url",
    "p_dom_light",
    "p_text",
    "p_cheap",
    "redirect_hops",
    "redirect_max_ms",
    "url_len",
    "num_dots",
    "num_pct",
    "has_at",
    "host_is_ip",
    "host_hyphens",
    "has_punycode",
    "redir_hops",
    "redir_cross_host",
    "has_meta_refresh",
    "has_js_loc_replace",
    "dns_created_days_ago",
    "dns_updated_days_ago",
    "ns_count",
    "mx_present",
    "ttl_min",
    "ttl_mean",
    "rdap_age_days",
    "rdap_registrar_hash64",
    "rdap_ns_count",
    "rdap_has_privacy",
    "cert_age_days",
    "san_count",
    "tls_not_before_days",
    "tls_san_count",
    "tls_issuer_spki_hash64",
    "req_unique_etld1",
    "req_thirdparty_ratio",
    "req_counts_script",
    "req_counts_css",
    "req_counts_xhr",
    "req_counts_img",
    "form_pw_count",
    "form_cross_site",
    "form_login_tokens",
    "form_hidden_count",
    "form_autocomplete_off",
    "onsubmit_handlers",
    "form_fp_hash64",
    "num_pw",
    "num_email",
    "num_hidden",
    "form_method_get",
    "action_cross_origin",
    "action_proto_mismatch",
    "iframe_login",
    "top_form_count",
    "iframe_form_count",
    "form_css_sig_hash64",
    "js_entropy",
    "js_eval_ct",
    "js_atob_ct",
    "js_b64_blob_ct",
    "js_keylog_listeners",
    "js_eval_like",
    "js_hex_ratio",
    "js_fromcharcode",
    "js_hi_entropy_ratio",
    "js_atob",
    "key_listener_pw",
    "key_listeners_total",
    "fp_canvas",
    "fp_webgl",
    "fp_audio",
    "fp_font_enum",
    "fp_webrtc",
    "favicon_dhash64",
    "fav_rel_count",
    "fav_cross_origin",
    "logo_phash64",
    "logo_from_alt_or_name",
    "title_host_jaccard_q8"
  ]
}