{
  "coef": [
    [
      1.3376830994216769e-36,
      1.619663718938483e-36,
      1.2416705985869807e-36,
      0.0,
      0.0,
      1.0088140376968452e-34,
      2.3669709528040047e-36,
      -7.9372386392166e-38,
      -4.766123943552256e-39,
      0.0,
      1.7224256203553645e-37,
      0.0,
      0.0,
      0.0,
      -7.717880631445401e-38,
      -4.937760168309652e-38,
      -9.590461760151968e-34,
      -5.796180384248386e-35,
      4.425730029732922e-36,
      -1.3963658937554252e-36,
      -9.738542019160924e-34,
      1.9371937043629626e-34,
      -9.590461760151968e-34,
      0.0,
      4.425730029732922e-36,
      3.191614973196962e-37,
      -1.1077520251988963e-34,
      -1.5022111464120668e-35,
      -1.1077520251988963e-34,
      -1.5022111464120668e-35,
      -5.729994369869882e-20,
      -1.3537269727458687e-35,
      -2.056028793895788e-37,
      -2.5096285407029937e-35,
      1.5603968555306367e-35,
      -2.7469303569084675e-35,
      -7.734746776185853e-36,
      1.3035149619042664e-37,
      -7.75768156351164e-38,
      1.1237078793781997e-37,
      2.3675395890109005e-36,
      -1.0842796086714971e-37,
      6.6836927445721716e-37,
      3.747298368852388e-19,
      1.3035149619042664e-37,
      -2.640723294234558e-37,
      2.3675395890109005e-36,
      -8.415278480528499e-38,
      -3.478876749870813e-38,
      -1.480489575330287e-39,
      -1.2901035522721172e-38,
      -4.227478705911479e-37,
      -1.5651507493390624e-37,
      -8.441762200699284e-19,
      9.766797744706217e-36,
      -1.6146255144195766e-37,
      3.955150491864701e-36,
      -8.34705630468136e-36,
      -1.4571723098045378e-37,
      -1.5234925450073175e-37,
      0.0,
      0.0,
      -3.7124116378041484e-37,
      -2.0953003724710885e-37,
      -4.912353279097302e-38,
      -2.751944875404958e-35,
      -7.369014760402411e-39,
      0.0,
      0.0,
      -2.5068827046707395e-38,
      0.0,
      -8.812264495606208e-20,
      -3.6578979936684967e-36,
      8.84307618556207e-37,
      1.4763161818197517e-20,
      -2.2059579582695176e-37,
      -8.232100210789481e-35
    ]
  ],
  "intercept": [
    1.9114781847112797e-36
  ],
  "feature_names": [
    "p_dom",
    "p_js",
    "p_url",
    "redirect_hops",
    "redirect_max_ms",
    "url_len",
    "num_dots",
    "num_pct",
    "has_at",
    "host_is_ip",
    "host_hyphens",
    "has_punycode",
    "redir_hops",
    "redir_cross_host",
    "has_meta_refresh",
    "has_js_loc_replace",
    "dns_created_days_ago",
    "dns_updated_days_ago",
    "ns_count",
    "mx_present",
    "ttl_min",
    "ttl_mean",
    "rdap_age_days",
    "rdap_registrar_hash64",
    "rdap_ns_count",
    "rdap_has_privacy",
    "cert_age_days",
    "san_count",
    "tls_not_before_days",
    "tls_san_count",
    "tls_issuer_spki_hash64",
    "req_unique_etld1",
    "req_thirdparty_ratio",
    "req_counts_script",
    "req_counts_css",
    "req_counts_xhr",
    "req_counts_img",
    "form_pw_count",
    "form_cross_site",
    "form_login_tokens",
    "form_hidden_count",
    "form_autocomplete_off",
    "onsubmit_handlers",
    "form_fp_hash64",
    "num_pw",
    "num_email",
    "num_hidden",
    "form_method_get",
    "action_cross_origin",
    "action_proto_mismatch",
    "iframe_login",
    "top_form_count",
    "iframe_form_count",
    "form_css_sig_hash64",
    "js_entropy",
    "js_eval_ct",
    "js_atob_ct",
    "js_b64_blob_ct",
    "js_keylog_listeners",
    "js_eval_like",
    "js_hex_ratio",
    "js_fromcharcode",
    "js_hi_entropy_ratio",
    "js_atob",
    "key_listener_pw",
    "key_listeners_total",
    "fp_canvas",
    "fp_webgl",
    "fp_audio",
    "fp_font_enum",
    "fp_webrtc",
    "favicon_dhash64",
    "fav_rel_count",
    "fav_cross_origin",
    "logo_phash64",
    "logo_from_alt_or_name",
    "title_host_jaccard_q8"
  ]
}