{
  "coef": [
    [
      1.8220164578454932,
      1.8197646136344654
    ]
  ],
  "intercept": [
    -1.3702759264830913
  ]
}