{
  "coef": [
    [
      1.482984319938062,
      3.6011979500816205
    ]
  ],
  "intercept": [
    -1.821887133715409
  ]
}