{
  "core": {
    "thresholds": {
      "tpr95": 0.0076988678406928876,
      "tpr90": 0.00845737419312573
    },
    "dom": {
      "train@tpr95": {
        "accuracy": 0.8356950462583441,
        "precision": 0.7577171572146446,
        "recall": 0.9876023391812866,
        "f1": 0.8575200568701127,
        "log_loss": 0.2138101638735598,
        "roc_auc": 0.9850137352841138,
        "pr_auc": 0.9870674264880478
      },
      "val@tpr95": {
        "accuracy": 0.5543905635648755,
        "precision": 0.020289855072463767,
        "recall": 0.7777777777777778,
        "f1": 0.03954802259887006,
        "log_loss": 0.05089528012884338,
        "roc_auc": 0.7244326554671382,
        "pr_auc": 0.2616856205243309
      },
      "test@tpr95": {
        "accuracy": 0.6286458333333333,
        "precision": 0.1652892561983471,
        "recall": 0.958904109589041,
        "f1": 0.28197381671701915,
        "log_loss": 0.19645419118534502,
        "roc_auc": 0.915777362511776,
        "pr_auc": 0.696024718272012
      },
      "train@tpr90": {
        "accuracy": 0.8472303548424874,
        "precision": 0.7721484196060467,
        "recall": 0.9857309941520468,
        "f1": 0.8659645517595684,
        "log_loss": 0.2138101638735598,
        "roc_auc": 0.9850137352841138,
        "pr_auc": 0.9870674264880478
      },
      "val@tpr90": {
        "accuracy": 0.6553079947575361,
        "precision": 0.022556390977443608,
        "recall": 0.6666666666666666,
        "f1": 0.04363636363636364,
        "log_loss": 0.05089528012884338,
        "roc_auc": 0.7244326554671382,
        "pr_auc": 0.2616856205243309
      },
      "test@tpr90": {
        "accuracy": 0.7041666666666667,
        "precision": 0.1933139534883721,
        "recall": 0.910958904109589,
        "f1": 0.31894484412470026,
        "log_loss": 0.19645419118534502,
        "roc_auc": 0.915777362511776,
        "pr_auc": 0.696024718272012
      }
    },
    "js": {
      "train@tpr95": {
        "accuracy": 0.12862993298585257,
        "precision": 0.021757322175732216,
        "recall": 0.9541284403669725,
        "f1": 0.04254448762528124,
        "log_loss": 0.18566954742060232,
        "roc_auc": 0.9240421708064087,
        "pr_auc": 0.6657706756567504
      },
      "val@tpr95": {
        "accuracy": 0.528133704735376,
        "precision": 0.528133704735376,
        "recall": 1.0,
        "f1": 0.6912139992708713,
        "log_loss": 0.28238007447426555,
        "roc_auc": 0.937469176393227,
        "pr_auc": 0.9605916776488214
      },
      "test@tpr95": {
        "accuracy": 0.5383120488617434,
        "precision": 0.5383120488617434,
        "recall": 1.0,
        "f1": 0.6998736690128136,
        "log_loss": 0.2557612674472119,
        "roc_auc": 0.9511557711648453,
        "pr_auc": 0.9691355101042305
      },
      "train@tpr90": {
        "accuracy": 0.20625465376023827,
        "precision": 0.023836809534723814,
        "recall": 0.9541284403669725,
        "f1": 0.046511627906976744,
        "log_loss": 0.18566954742060232,
        "roc_auc": 0.9240421708064087,
        "pr_auc": 0.6657706756567504
      },
      "val@tpr90": {
        "accuracy": 0.528133704735376,
        "precision": 0.528133704735376,
        "recall": 1.0,
        "f1": 0.6912139992708713,
        "log_loss": 0.28238007447426555,
        "roc_auc": 0.937469176393227,
        "pr_auc": 0.9605916776488214
      },
      "test@tpr90": {
        "accuracy": 0.5383120488617434,
        "precision": 0.5383120488617434,
        "recall": 1.0,
        "f1": 0.6998736690128136,
        "log_loss": 0.2557612674472119,
        "roc_auc": 0.9511557711648453,
        "pr_auc": 0.9691355101042305
      }
    },
    "fused": {
      "train@tpr95": {
        "accuracy": 0.0,
        "precision": 0.0,
        "recall": 0.0,
        "f1": 0.0,
        "log_loss": 0.07646700144423854,
        "roc_auc": NaN,
        "pr_auc": 0.0
      },
      "val@tpr95": {
        "accuracy": 0.2706185567010309,
        "precision": 0.2706185567010309,
        "recall": 1.0,
        "f1": 0.4259634888438134,
        "log_loss": 0.20573821727164465,
        "roc_auc": 0.9605838801951876,
        "pr_auc": 0.9373274581737232
      },
      "test@tpr95": {
        "accuracy": 0.3705052344105599,
        "precision": 0.3705052344105599,
        "recall": 1.0,
        "f1": 0.5406841580870143,
        "log_loss": 0.18652477849042598,
        "roc_auc": 0.978445710549832,
        "pr_auc": 0.9733725663186006
      },
      "train@tpr90": {
        "accuracy": 0.0,
        "precision": 0.0,
        "recall": 0.0,
        "f1": 0.0,
        "log_loss": 0.07646700144423854,
        "roc_auc": NaN,
        "pr_auc": 0.0
      },
      "val@tpr90": {
        "accuracy": 0.2706185567010309,
        "precision": 0.2706185567010309,
        "recall": 1.0,
        "f1": 0.4259634888438134,
        "log_loss": 0.20573821727164465,
        "roc_auc": 0.9605838801951876,
        "pr_auc": 0.9373274581737232
      },
      "test@tpr90": {
        "accuracy": 0.3705052344105599,
        "precision": 0.3705052344105599,
        "recall": 1.0,
        "f1": 0.5406841580870143,
        "log_loss": 0.18652477849042598,
        "roc_auc": 0.978445710549832,
        "pr_auc": 0.9733725663186006
      }
    }
  },
  "light_heads": {
    "url": {
      "T": 1.084442138671875,
      "metrics": {
        "pr_auc": 0.9576853512884204,
        "roc_auc": 0.9517963968325323
      },
      "thresholds": {
        "0.95": {
          "fpr": 0.15760869565217392,
          "threshold": 0.9997934699058533
        },
        "0.9": {
          "fpr": 0.12895256916996048,
          "threshold": 0.9999395608901978
        }
      }
    }
  },
  "cascade": null
}