{
  "core": {
    "thresholds": {
      "tpr95": 0.00737865915100415,
      "tpr90": 0.007886095446299713
    },
    "dom": {
      "train@tpr95": {
        "accuracy": 0.8314790959128704,
        "precision": 0.7526278282558346,
        "recall": 0.988187134502924,
        "f1": 0.854470064724919,
        "log_loss": 0.2138101638735598,
        "roc_auc": 0.9850137352841138,
        "pr_auc": 0.9870674264880478
      },
      "val@tpr95": {
        "accuracy": 0.3709043250327654,
        "precision": 0.01443298969072165,
        "recall": 0.7777777777777778,
        "f1": 0.02834008097165992,
        "log_loss": 0.050448930025176496,
        "roc_auc": 0.748894783377542,
        "pr_auc": 0.26658419026144203
      },
      "test@tpr95": {
        "accuracy": 0.44427083333333334,
        "precision": 0.11592994161801501,
        "recall": 0.952054794520548,
        "f1": 0.2066914498141264,
        "log_loss": 0.20733304459930524,
        "roc_auc": 0.8732799493444117,
        "pr_auc": 0.6196825327249665
      },
      "train@tpr90": {
        "accuracy": 0.8387398992856306,
        "precision": 0.7613636363636364,
        "recall": 0.9873684210526316,
        "f1": 0.8597616865261228,
        "log_loss": 0.2138101638735598,
        "roc_auc": 0.9850137352841138,
        "pr_auc": 0.9870674264880478
      },
      "val@tpr90": {
        "accuracy": 0.583224115334207,
        "precision": 0.021671826625386997,
        "recall": 0.7777777777777778,
        "f1": 0.04216867469879518,
        "log_loss": 0.050448930025176496,
        "roc_auc": 0.748894783377542,
        "pr_auc": 0.26658419026144203
      },
      "test@tpr90": {
        "accuracy": 0.5994791666666667,
        "precision": 0.1488162344983089,
        "recall": 0.9041095890410958,
        "f1": 0.25556631171345595,
        "log_loss": 0.20733304459930524,
        "roc_auc": 0.8732799493444117,
        "pr_auc": 0.6196825327249665
      }
    },
    "js": {
      "train@tpr95": {
        "accuracy": 0.9884586746090841,
        "precision": 0.8507462686567164,
        "recall": 0.5229357798165137,
        "f1": 0.6477272727272727,
        "log_loss": 0.06332088697499132,
        "roc_auc": 0.9023937231878425,
        "pr_auc": 0.6741089886809749
      },
      "val@tpr95": {
        "accuracy": 0.671118530884808,
        "precision": 0.0297029702970297,
        "recall": 0.8571428571428571,
        "f1": 0.05741626794258373,
        "log_loss": 0.045053199809471346,
        "roc_auc": 0.8202220077220077,
        "pr_auc": 0.46481179138321993
      },
      "test@tpr95": {
        "accuracy": 0.7306930693069307,
        "precision": 0.20081135902636918,
        "recall": 0.8761061946902655,
        "f1": 0.32673267326732675,
        "log_loss": 0.1898305995188903,
        "roc_auc": 0.9097717546362339,
        "pr_auc": 0.7353314347531431
      },
      "train@tpr90": {
        "accuracy": 0.9884586746090841,
        "precision": 0.8507462686567164,
        "recall": 0.5229357798165137,
        "f1": 0.6477272727272727,
        "log_loss": 0.06332088697499132,
        "roc_auc": 0.9023937231878425,
        "pr_auc": 0.6741089886809749
      },
      "val@tpr90": {
        "accuracy": 0.8180300500834724,
        "precision": 0.044642857142857144,
        "recall": 0.7142857142857143,
        "f1": 0.08403361344537816,
        "log_loss": 0.045053199809471346,
        "roc_auc": 0.8202220077220077,
        "pr_auc": 0.46481179138321993
      },
      "test@tpr90": {
        "accuracy": 0.8448844884488449,
        "precision": 0.30448717948717946,
        "recall": 0.8407079646017699,
        "f1": 0.4470588235294118,
        "log_loss": 0.1898305995188903,
        "roc_auc": 0.9097717546362339,
        "pr_auc": 0.7353314347531431
      }
    },
    "fused": {
      "train@tpr95": {
        "accuracy": 0.0,
        "precision": 0.0,
        "recall": 0.0,
        "f1": 0.0,
        "log_loss": 0.6931471805599454,
        "roc_auc": NaN,
        "pr_auc": 0.0
      },
      "val@tpr95": {
        "accuracy": 0.06711409395973154,
        "precision": 0.012433392539964476,
        "recall": 1.0,
        "f1": 0.02456140350877193,
        "log_loss": 0.39731491081782017,
        "roc_auc": 0.8073005093378607,
        "pr_auc": 0.056438228027367116
      },
      "test@tpr95": {
        "accuracy": 0.12681638044914134,
        "precision": 0.07573632538569425,
        "recall": 0.9642857142857143,
        "f1": 0.14044213263979194,
        "log_loss": 0.4768292065443208,
        "roc_auc": 0.5382744039127776,
        "pr_auc": 0.09914319368577426
      },
      "train@tpr90": {
        "accuracy": 0.0,
        "precision": 0.0,
        "recall": 0.0,
        "f1": 0.0,
        "log_loss": 0.6931471805599454,
        "roc_auc": NaN,
        "pr_auc": 0.0
      },
      "val@tpr90": {
        "accuracy": 0.06711409395973154,
        "precision": 0.012433392539964476,
        "recall": 1.0,
        "f1": 0.02456140350877193,
        "log_loss": 0.39731491081782017,
        "roc_auc": 0.8073005093378607,
        "pr_auc": 0.056438228027367116
      },
      "test@tpr90": {
        "accuracy": 0.12681638044914134,
        "precision": 0.07573632538569425,
        "recall": 0.9642857142857143,
        "f1": 0.14044213263979194,
        "log_loss": 0.4768292065443208,
        "roc_auc": 0.5382744039127776,
        "pr_auc": 0.09914319368577426
      }
    }
  },
  "light_heads": {
    "url": {
      "T": 1.2975906133651733,
      "metrics": {
        "pr_auc": 0.9048302522081512,
        "roc_auc": 0.9798245480668359
      },
      "thresholds": {
        "0.95": {
          "fpr": 0.10987791342952276,
          "threshold": 0.012098191305994987
        },
        "0.9": {
          "fpr": 0.04827968923418424,
          "threshold": 0.02261541411280632
        }
      }
    },
    "js_charcnn": {
      "T": 1.1195242404937744,
      "metrics": {
        "pr_auc": 0.8544727906094519,
        "roc_auc": 0.9597825895141793
      },
      "thresholds": {
        "0.95": {
          "fpr": 0.3069511355815554,
          "threshold": 0.0053563229739665985
        },
        "0.9": {
          "fpr": 0.09222298692360634,
          "threshold": 0.015554268844425678
        }
      }
    },
    "js_charcnn_aug": {
      "T": 1.1219373941421509,
      "metrics": {
        "pr_auc": 0.8522872491810236,
        "roc_auc": 0.9594061211404639
      },
      "thresholds": {
        "0.95": {
          "fpr": 0.3007570543702684,
          "threshold": 0.005453646648675203
        },
        "0.9": {
          "fpr": 0.0956641431520991,
          "threshold": 0.01531450729817152
        }
      }
    },
    "dom_light": {
      "T": 0.8655205965042114,
      "metrics": {
        "pr_auc": 0.05469904842308981,
        "roc_auc": 0.3878859013760405
      },
      "thresholds": {
        "0.95": {
          "fpr": 0.8957158962795941,
          "threshold": 0.010548562742769718
        },
        "0.9": {
          "fpr": 0.8782412626832018,
          "threshold": 0.010895732790231705
        }
      }
    },
    "text": {
      "T": 1.0945273637771606,
      "metrics": {
        "pr_auc": 0.7956393938228935,
        "roc_auc": 0.9242197477650064
      },
      "thresholds": {
        "0.95": {
          "fpr": 0.5316091954022989,
          "threshold": 0.003826564410701394
        },
        "0.9": {
          "fpr": 0.3275862068965517,
          "threshold": 0.007666085381060839
        }
      }
    },
    "cheap": {
      "T": 4.155033111572266,
      "metrics": {
        "pr_auc": 0.1384765470627296,
        "roc_auc": 0.5221120368540283
      },
      "thresholds": {
        "0.95": {
          "fpr": 1.0,
          "threshold": 0.0
        },
        "0.9": {
          "fpr": 1.0,
          "threshold": 0.0
        }
      }
    }
  },
  "cascade": {
    "stage1": {
      "thr_hi": 1.0,
      "thr_lo": 0.0
    },
    "coverage": {
      "val": {
        "overall": NaN,
        "phish": NaN,