{
  "thresholds": {
    "tpr95": 0.10532451639128576,
    "tpr90": 0.3341929470543628
  },
  "acc": {
    "train@tpr95": 0.9444701099510302,
    "val@tpr95": 0.9088937093275488,
    "test@tpr95": 0.9157245632065776,
    "train@tpr90": 0.9439157350087776,
    "val@tpr90": 0.911062906724512,
    "test@tpr90": 0.9140116478245974
  }
}