{
  "core": {
    "thresholds": {
      "tpr95": 0.007523560507538344,
      "tpr90": 0.009302363131440406
    },
    "dom": {
      "train@tpr95": {
        "accuracy": 0.8331771870242417,
        "precision": 0.7547591384395388,
        "recall": 0.987719298245614,
        "f1": 0.8556664471351132,
        "log_loss": 0.2138101638735598,
        "roc_auc": 0.9850137352841138,
        "pr_auc": 0.9870674264880478
      },
      "val@tpr95": {
        "accuracy": 0.5360419397116645,
        "precision": 0.0221606648199446,
        "recall": 0.8888888888888888,
        "f1": 0.043243243243243246,
        "log_loss": 0.050588119444477206,
        "roc_auc": 0.7572944297082228,
        "pr_auc": 0.2602237868413751
      },
      "test@tpr95": {
        "accuracy": 0.5739583333333333,
        "precision": 0.14705882352941177,
        "recall": 0.958904109589041,
        "f1": 0.2550091074681239,
        "log_loss": 0.20627820069199032,
        "roc_auc": 0.9036578585658908,
        "pr_auc": 0.647073886336139
      },
      "train@tpr90": {
        "accuracy": 0.8571261271811688,
        "precision": 0.7847688292319165,
        "recall": 0.9846783625730994,
        "f1": 0.8734308538230107,
        "log_loss": 0.2138101638735598,
        "roc_auc": 0.9850137352841138,
        "pr_auc": 0.9870674264880478
      },
      "val@tpr90": {
        "accuracy": 0.7155963302752294,
        "precision": 0.03153153153153153,
        "recall": 0.7777777777777778,
        "f1": 0.06060606060606061,
        "log_loss": 0.050588119444477206,
        "roc_auc": 0.7572944297082228,
        "pr_auc": 0.2602237868413751
      },
      "test@tpr90": {
        "accuracy": 0.7317708333333334,
        "precision": 0.20853080568720378,
        "recall": 0.9041095890410958,
        "f1": 0.33889602053915274,
        "log_loss": 0.20627820069199032,
        "roc_auc": 0.9036578585658908,
        "pr_auc": 0.647073886336139
      }
    },
    "js": {
      "train@tpr95": {
        "accuracy": 0.9886448250186151,
        "precision": 0.8157894736842105,
        "recall": 0.5688073394495413,
        "f1": 0.6702702702702703,
        "log_loss": 0.06210524825687919,
        "roc_auc": 0.9160340406542472,
        "pr_auc": 0.6905328426846471
      },
      "val@tpr95": {
        "accuracy": 0.6360601001669449,
        "precision": 0.0,
        "recall": 0.0,
        "f1": 0.0,
        "log_loss": 0.03484404394656697,
        "roc_auc": NaN,
        "pr_auc": 0.0
      },
      "test@tpr95": {
        "accuracy": 0.6686468646864686,
        "precision": 0.0,
        "recall": 0.0,
        "f1": 0.0,
        "log_loss": 0.16054919336552734,
        "roc_auc": NaN,
        "pr_auc": 0.0
      },
      "train@tpr90": {
        "accuracy": 0.9882725241995532,
        "precision": 0.8484848484848485,
        "recall": 0.5137614678899083,
        "f1": 0.64,
        "log_loss": 0.06210524825687919,
        "roc_auc": 0.9160340406542472,
        "pr_auc": 0.6905328426846471
      },
      "val@tpr90": {
        "accuracy": 0.7996661101836394,
        "precision": 0.0,
        "recall": 0.0,
        "f1": 0.0,
        "log_loss": 0.03484404394656697,
        "roc_auc": NaN,
        "pr_auc": 0.0
      },
      "test@tpr90": {
        "accuracy": 0.7815181518151815,
        "precision": 0.0,
        "recall": 0.0,
        "f1": 0.0,
        "log_loss": 0.16054919336552734,
        "roc_auc": NaN,
        "pr_auc": 0.0
      }
    },
    "fused": {
      "train@tpr95": {
        "accuracy": 0.0,
        "precision": 0.0,
        "recall": 0.0,
        "f1": 0.0,
        "log_loss": 0.6931471805599454,
        "roc_auc": NaN,
        "pr_auc": 0.0
      },
      "val@tpr95": {
        "accuracy": 0.0667779632721202,
        "precision": 0.012367491166077738,
        "recall": 1.0,
        "f1": 0.02443280977312391,
        "log_loss": 0.39832286406823775,
        "roc_auc": 0.8067084942084942,
        "pr_auc": 0.0560413605435394
      },
      "test@tpr95": {
        "accuracy": 0.12739273927392739,
        "precision": 0.07638402242466713,
        "recall": 0.9646017699115044,
        "f1": 0.14155844155844155,
        "log_loss": 0.4777317395312905,
        "roc_auc": 0.537146680469115,
        "pr_auc": 0.09898029161693034
      },
      "train@tpr90": {
        "accuracy": 0.0,
        "precision": 0.0,
        "recall": 0.0,
        "f1": 0.0,
        "log_loss": 0.6931471805599454,
        "roc_auc": NaN,
        "pr_auc": 0.0
      },
      "val@tpr90": {
        "accuracy": 0.06844741235392321,
        "precision": 0.012389380530973451,
        "recall": 1.0,
        "f1": 0.024475524475524476,
        "log_loss": 0.39832286406823775,
        "roc_auc": 0.8067084942084942,
        "pr_auc": 0.0560413605435394
      },
      "test@tpr90": {
        "accuracy": 0.12805280528052806,
        "precision": 0.07643758765778401,
        "recall": 0.9646017699115044,
        "f1": 0.14165042235217673,
        "log_loss": 0.4777317395312905,
        "roc_auc": 0.537146680469115,
        "pr_auc": 0.09898029161693034
      }
    }
  },
  "light_heads": {
    "url": {
      "T": 1.298231840133667,
      "metrics": {
        "pr_auc": 0.9049190623887139,
        "roc_auc": 0.979896766150244
      },
      "thresholds": {
        "0.95": {
          "fpr": 0.10987791342952276,
          "threshold": 0.012074420228600502
        },
        "0.9": {
          "fpr": 0.04827968923418424,
          "threshold": 0.022587012499570847
        }
      }
    },
    "js_charcnn_aug": {
      "T": 1.1219373941421509,
      "metrics": {
        "pr_auc": 0.8522872491810236,
        "roc_auc": 0.9594061211404639
      },
      "thresholds": {
        "0.95": {
          "fpr": 0.3007570543702684,
          "threshold": 0.005453646648675203
        },
        "0.9": {
          "fpr": 0.0956641431520991,
          "threshold": 0.01531450729817152
        }
      }
    }
  },
  "cascade": {
    "stage1": {
      "thr_hi": 1.0,
      "thr_lo": 0.0
    },
    "coverage": {
      "val": {
        "overall": NaN,
        "phish": NaN,
        "benign": NaN
      },
      "test": {
        "overall": NaN,
        "phish": NaN,
        "benign": NaN
      }
    }
  }
}