{
  "thresholds": {
    "tpr95": 0.09145565456352778,
    "tpr90": 0.6569721637935398
  },
  "dom": {
    "train@tpr95": {
      "accuracy": 0.9434659440817835,
      "precision": 0.9372358140130652,
      "recall": 0.9447385409941897,
      "f1": 0.9409722222222222,
      "log_loss": 0.23113103839690619,
      "roc_auc": 0.9835097403345191,
      "pr_auc": 0.9833232241263353
    },
    "val@tpr95": {
      "accuracy": 0.9319634703196347,
      "precision": 0.9523809523809523,
      "recall": 0.9253246753246753,
      "f1": 0.9386578839028407,
      "log_loss": 0.31683712245116274,
      "roc_auc": 0.9761644931269148,
      "pr_auc": 0.9842800648322477
    },
    "test@tpr95": {
      "accuracy": 0.9119469026548672,
      "precision": 0.9265650080256822,
      "recall": 0.9148177496038035,
      "f1": 0.9206539074960127,
      "log_loss": 0.387631856832851,
      "roc_auc": 0.9678465488822335,
      "pr_auc": 0.977130801412183
    },
    "train@tpr90": {
      "accuracy": 0.9440817834708708,
      "precision": 0.9567134268537074,
      "recall": 0.9245965138799225,
      "f1": 0.9403808273145108,
      "log_loss": 0.23113103839690619,
      "roc_auc": 0.9835097403345191,
      "pr_auc": 0.9833232241263353
    },
    "val@tpr90": {
      "accuracy": 0.9305936073059361,
      "precision": 0.9623287671232876,
      "recall": 0.9123376623376623,
      "f1": 0.9366666666666666,
      "log_loss": 0.31683712245116274,
      "roc_auc": 0.9761644931269148,
      "pr_auc": 0.9842800648322477
    },
    "test@tpr90": {
      "accuracy": 0.9097345132743363,
      "precision": 0.9419381787802841,
      "recall": 0.8934231378763867,
      "f1": 0.9170394469296462,
      "log_loss": 0.387631856832851,
      "roc_auc": 0.9678465488822335,
      "pr_auc": 0.977130801412183
    }
  },
  "js": {
    "train@tpr95": {
      "accuracy": 0.9070715474209651,
      "precision": 0.897257089725709,
      "recall": 0.8511576626240352,
      "f1": 0.8735996378861605,
      "log_loss": 0.3678847330478864,
      "roc_auc": 0.9444285852115846,
      "pr_auc": 0.9422621870023749
    },
    "val@tpr95": {
      "accuracy": 0.8402061855670103,
      "precision": 0.6514084507042254,
      "recall": 0.8809523809523809,
      "f1": 0.7489878542510121,
      "log_loss": 0.25926321886512665,
      "roc_auc": 0.9314109035840484,
      "pr_auc": 0.8980032900892699
    },
    "test@tpr95": {
      "accuracy": 0.8406918525261721,
      "precision": 0.7184557438794726,
      "recall": 0.9373464373464373,
      "f1": 0.8134328358208955,
      "log_loss": 0.23564695003718442,
      "roc_auc": 0.9594439144330683,
      "pr_auc": 0.9542110261284317
    },
    "train@tpr90": {
      "accuracy": 0.9060732113144758,
      "precision": 0.9366666666666666,
      "recall": 0.8055126791620728,
      "f1": 0.8661529342027268,
      "log_loss": 0.3678847330478864,
      "roc_auc": 0.9444285852115846,
      "pr_auc": 0.9422621870023749
    },
    "val@tpr90": {
      "accuracy": 0.9123711340206185,
      "precision": 0.9080459770114943,
      "recall": 0.7523809523809524,
      "f1": 0.8229166666666666,
      "log_loss": 0.25926321886512665,
      "roc_auc": 0.9314109035840484,
      "pr_auc": 0.8980032900892699
    },
    "test@tpr90": {
      "accuracy": 0.9139736003641329,
      "precision": 0.9251700680272109,
      "recall": 0.8353808353808354,
      "f1": 0.8779857972885733,
      "log_loss": 0.23564695003718442,
      "roc_auc": 0.9594439144330683,
      "pr_auc": 0.9542110261284317
    }
  },
  "fused": {
    "train@tpr95": {
      "accuracy": 0.9420133111480865,
      "precision": 0.9102180418982471,
      "recall": 0.9389195148842338,
      "f1": 0.9243460327797677,
      "log_loss": 0.16577148125744465,
      "roc_auc": 0.9823683088337645,
      "pr_auc": 0.977993422981299
    },
    "val@tpr95": {
      "accuracy": 0.9072164948453608,
      "precision": 0.8026315789473685,
      "recall": 0.8714285714285714,
      "f1": 0.8356164383561644,
      "log_loss": 0.20573821727164465,
      "roc_auc": 0.9605838801951876,
      "pr_auc": 0.9373274581737232
    },
    "test@tpr95": {
      "accuracy": 0.9167045971779699,
      "precision": 0.852513966480447,
      "recall": 0.9373464373464373,
      "f1": 0.892919836161498,
      "log_loss": 0.18652477849042598,
      "roc_auc": 0.978445710549832,
      "pr_auc": 0.9733725663186006
    },
    "train@tpr90": {
      "accuracy": 0.9495840266222961,
      "precision": 0.9612585113876497,
      "recall": 0.9027563395810364,
      "f1": 0.9310893791221287,
      "log_loss": 0.16577148125744465,
      "roc_auc": 0.9823683088337645,
      "pr_auc": 0.977993422981299
    },
    "val@tpr90": {
      "accuracy": 0.9355670103092784,
      "precision": 0.949438202247191,
      "recall": 0.8047619047619048,
      "f1": 0.8711340206185567,
      "log_loss": 0.20573821727164465,
      "roc_auc": 0.9605838801951876,
      "pr_auc": 0.9373274581737232
    },
    "test@tpr90": {
      "accuracy": 0.9367319071461083,
      "precision": 0.9694019471488178,
      "recall": 0.8562653562653563,
      "f1": 0.9093281148075668,
      "log_loss": 0.18652477849042598,
      "roc_auc": 0.978445710549832,
      "pr_auc": 0.9733725663186006
    }
  }
}