{
  "core": {
    "thresholds": {
      "tpr95": 0.23278240856878812,
      "tpr90": 0.27863087805703995
    },
    "dom": {
      "train@tpr95": {
        "accuracy": 0.9478276144747628,
        "precision": 0.9603317706455102,
        "recall": 0.9343859649122807,
        "f1": 0.9471812199893296,
        "log_loss": 0.2138101638735598,
        "roc_auc": 0.9850137352841138,
        "pr_auc": 0.9870674264880478
      },
      "val@tpr95": {
        "accuracy": 0.8282961016206746,
        "precision": 0.816271186440678,
        "recall": 0.9086792452830189,
        "f1": 0.86,
        "log_loss": 0.5155422897788198,
        "roc_auc": 0.9106093669988577,
        "pr_auc": 0.9336895760211843
      },
      "test@tpr95": {
        "accuracy": 0.838495575221239,
        "precision": 0.798800799467022,
        "recall": 0.9500792393026941,
        "f1": 0.8678972131740862,
        "log_loss": 0.353682966624441,
        "roc_auc": 0.9542743371052722,
        "pr_auc": 0.9670302009029508
      },
      "train@tpr90": {
        "accuracy": 0.9475933950111254,
        "precision": 0.9609779597735758,
        "recall": 0.9332163742690058,
        "f1": 0.9468937281196226,
        "log_loss": 0.2138101638735598,
        "roc_auc": 0.9850137352841138,
        "pr_auc": 0.9870674264880478
      },
      "val@tpr90": {
        "accuracy": 0.7612790188348664,
        "precision": 0.880859375,
        "recall": 0.6807547169811321,
        "f1": 0.7679863771817795,
        "log_loss": 0.5155422897788198,
        "roc_auc": 0.9106093669988577,
        "pr_auc": 0.9336895760211843
      },
      "test@tpr90": {
        "accuracy": 0.8787610619469026,
        "precision": 0.8847352024922118,
        "recall": 0.9001584786053882,
        "f1": 0.8923802042419482,
        "log_loss": 0.353682966624441,
        "roc_auc": 0.9542743371052722,
        "pr_auc": 0.9670302009029508
      }
    },
    "js": {
      "train@tpr95": {
        "accuracy": 0.9395767895519921,
        "precision": 0.9412163689803301,
        "recall": 0.8983599482088908,
        "f1": 0.9192889477752015,
        "log_loss": 0.21112936405016747,
        "roc_auc": 0.9738424049883405,
        "pr_auc": 0.9707764833504613
      },
      "val@tpr95": {
        "accuracy": 0.9015639374425023,
        "precision": 0.8086642599277978,
        "recall": 0.8057553956834532,
        "f1": 0.8072072072072072,
        "log_loss": 0.25969245033612315,
        "roc_auc": 0.9283221136317152,
        "pr_auc": 0.8867051484908924
      },
      "test@tpr95": {
        "accuracy": 0.9186563020544142,
        "precision": 0.9373007438894793,
        "recall": 0.9097472924187726,
        "f1": 0.9233185030096833,
        "log_loss": 0.22131910063951718,
        "roc_auc": 0.9676612942491015,
        "pr_auc": 0.9779445826662324
      },
      "train@tpr90": {
        "accuracy": 0.9394941312613655,
        "precision": 0.9428052655469814,
        "recall": 0.8964177816141562,
        "f1": 0.9190265486725664,
        "log_loss": 0.21112936405016747,
        "roc_auc": 0.9738424049883405,
        "pr_auc": 0.9707764833504613
      },
      "val@tpr90": {
        "accuracy": 0.9043238270469182,
        "precision": 0.8175182481751825,
        "recall": 0.8057553956834532,
        "f1": 0.8115942028985508,
        "log_loss": 0.25969245033612315,
        "roc_auc": 0.9283221136317152,
        "pr_auc": 0.8867051484908924
      },
      "test@tpr90": {
        "accuracy": 0.9197667962243198,
        "precision": 0.9411764705882353,
        "recall": 0.9076843733883445,
        "f1": 0.9241270674717774,
        "log_loss": 0.22131910063951718,
        "roc_auc": 0.9676612942491015,
        "pr_auc": 0.9779445826662324
      }
    },
    "fused": {
      "train@tpr95": {
        "accuracy": 0.9584308079899226,
        "precision": 0.9504608294930875,
        "recall": 0.9435041171088746,
        "f1": 0.946969696969697,
        "log_loss": 0.14024299219405764,
        "roc_auc": 0.9873683268815361,
        "pr_auc": 0.9857795859986576
      },
      "val@tpr95": {
        "accuracy": 0.9291237113402062,
        "precision": 0.8743961352657005,
        "recall": 0.861904761904762,
        "f1": 0.86810551558753,
        "log_loss": 0.20573821727164465,
        "roc_auc": 0.9605838801951876,
        "pr_auc": 0.9373274581737232
      },
      "test@tpr95": {
        "accuracy": 0.9303595812471552,
        "precision": 0.8986731001206273,
        "recall": 0.9152334152334153,
        "f1": 0.9068776628119294,
        "log_loss": 0.18652477849042598,
        "roc_auc": 0.978445710549832,
        "pr_auc": 0.9733725663186006
      },
      "train@tpr90": {
        "accuracy": 0.9593305740507468,
        "precision": 0.9528650646950092,
        "recall": 0.9432753888380604,
        "f1": 0.9480459770114943,
        "log_loss": 0.14024299219405764,
        "roc_auc": 0.9873683268815361,
        "pr_auc": 0.9857795859986576
      },
      "val@tpr90": {
        "accuracy": 0.9342783505154639,
        "precision": 0.8916256157635468,
        "recall": 0.861904761904762,
        "f1": 0.8765133171912833,
        "log_loss": 0.20573821727164465,
        "roc_auc": 0.9605838801951876,
        "pr_auc": 0.9373274581737232
      },
      "test@tpr90": {
        "accuracy": 0.9335457441966317,
        "precision": 0.9073170731707317,
        "recall": 0.914004914004914,
        "f1": 0.9106487148102815,
        "log_loss": 0.18652477849042598,
        "roc_auc": 0.978445710549832,
        "pr_auc": 0.9733725663186006
      }
    }
  },
  "light_heads": {
    "url": {
      "T": 1.1480560302734375,
      "metrics": {
        "pr_auc": 0.9579089131056335,
        "roc_auc": 0.9525871173908533
      },
      "thresholds": {
        "0.95": {
          "fpr": 0.15859683794466403,
          "threshold": 0.9996511936187744
        },
        "0.9": {
          "fpr": 0.12895256916996048,
          "threshold": 0.9999250173568726
        }
      }
    }
  },
  "cascade": null
}