{
  "thresholds": {
    "tpr95": 0.2602174000815223,
    "tpr90": 0.6349935730145471
  },
  "acc": {
    "train@tpr95": 0.9492284718765555,
    "val@tpr95": 0.8008658008658008,
    "test@tpr95": 0.9089285714285714,
    "train@tpr90": 0.9497262319561971,
    "val@tpr90": 0.7748917748917749,
    "test@tpr90": 0.9053571428571429
  }
}