{
  "thresholds": {
    "tpr95": 0.09145565456352778,
    "tpr90": 0.6569721637935398
  },
  "dom": {
    "train@tpr95": {
      "accuracy": 0.9458061337603153,
      "precision": 0.9487514707804942,
      "recall": 0.9369916074887024,
      "f1": 0.9428348707288554,
      "log_loss": 0.23140706980708692,
      "roc_auc": 0.9835032108240584,
      "pr_auc": 0.9844120233906903
    },
    "val@tpr95": {
      "accuracy": 0.9347031963470319,
      "precision": 0.9488870568837593,
      "recall": 0.9342532467532467,
      "f1": 0.9415132924335379,
      "log_loss": 0.28099508927350875,
      "roc_auc": 0.9791706206111217,
      "pr_auc": 0.9863138790992134
    },
    "test@tpr95": {
      "accuracy": 0.9143805309734513,
      "precision": 0.934173100365705,
      "recall": 0.9108557844690967,
      "f1": 0.9223671013039118,
      "log_loss": 0.38295979588507445,
      "roc_auc": 0.9669617563177068,
      "pr_auc": 0.9773809092894319
    },
    "train@tpr90": {
      "accuracy": 0.9441433674097796,
      "precision": 0.9561099252934898,
      "recall": 0.9253712072304713,
      "f1": 0.9404894691949347,
      "log_loss": 0.23140706980708692,
      "roc_auc": 0.9835032108240584,
      "pr_auc": 0.9844120233906903
    },
    "val@tpr90": {
      "accuracy": 0.9383561643835616,
      "precision": 0.9613120269133726,
      "recall": 0.9277597402597403,
      "f1": 0.9442379182156134,
      "log_loss": 0.28099508927350875,
      "roc_auc": 0.9791706206111217,
      "pr_auc": 0.9863138790992134
    },
    "test@tpr90": {
      "accuracy": 0.9146017699115044,
      "precision": 0.9435684647302904,
      "recall": 0.9009508716323297,
      "f1": 0.9217673287393595,
      "log_loss": 0.38295979588507445,
      "roc_auc": 0.9669617563177068,
      "pr_auc": 0.9773809092894319
    }
  },
  "js": {
    "train@tpr95": {
      "accuracy": 0.9070715474209651,
      "precision": 0.897257089725709,
      "recall": 0.8511576626240352,
      "f1": 0.8735996378861605,
      "log_loss": 0.3678847330478864,
      "roc_auc": 0.9444285852115846,
      "pr_auc": 0.9422621870023749
    },
    "val@tpr95": {
      "accuracy": 0.8402061855670103,
      "precision": 0.6514084507042254,
      "recall": 0.8809523809523809,
      "f1": 0.7489878542510121,
      "log_loss": 0.25926321886512665,
      "roc_auc": 0.9314109035840484,
      "pr_auc": 0.8980032900892699
    },
    "test@tpr95": {
      "accuracy": 0.8406918525261721,
      "precision": 0.7184557438794726,
      "recall": 0.9373464373464373,
      "f1": 0.8134328358208955,
      "log_loss": 0.23564695003718442,
      "roc_auc": 0.9594439144330683,
      "pr_auc": 0.9542110261284317
    },
    "train@tpr90": {
      "accuracy": 0.9060732113144758,
      "precision": 0.9366666666666666,
      "recall": 0.8055126791620728,
      "f1": 0.8661529342027268,
      "log_loss": 0.3678847330478864,
      "roc_auc": 0.9444285852115846,
      "pr_auc": 0.9422621870023749
    },
    "val@tpr90": {
      "accuracy": 0.9123711340206185,
      "precision": 0.9080459770114943,
      "recall": 0.7523809523809524,
      "f1": 0.8229166666666666,
      "log_loss": 0.25926321886512665,
      "roc_auc": 0.9314109035840484,
      "pr_auc": 0.8980032900892699
    },
    "test@tpr90": {
      "accuracy": 0.9139736003641329,
      "precision": 0.9251700680272109,
      "recall": 0.8353808353808354,
      "f1": 0.8779857972885733,
      "log_loss": 0.23564695003718442,
      "roc_auc": 0.9594439144330683,
      "pr_auc": 0.9542110261284317
    }
  },
  "fused": {
    "train@tpr95": {
      "accuracy": 0.9413477537437605,
      "precision": 0.9130716134598792,
      "recall": 0.933406835722161,
      "f1": 0.9231272489368663,
      "log_loss": 0.1690238643583455,
      "roc_auc": 0.9812871608708045,
      "pr_auc": 0.9781835105126565
    },
    "val@tpr95": {
      "accuracy": 0.9072164948453608,
      "precision": 0.8026315789473685,
      "recall": 0.8714285714285714,
      "f1": 0.8356164383561644,
      "log_loss": 0.20573821727164465,
      "roc_auc": 0.9605838801951876,
      "pr_auc": 0.9373274581737232
    },
    "test@tpr95": {
      "accuracy": 0.9167045971779699,
      "precision": 0.852513966480447,
      "recall": 0.9373464373464373,
      "f1": 0.892919836161498,
      "log_loss": 0.18652477849042598,
      "roc_auc": 0.978445710549832,
      "pr_auc": 0.9733725663186006
    },
    "train@tpr90": {
      "accuracy": 0.9519134775374376,
      "precision": 0.9738922155688623,
      "recall": 0.8965821389195149,
      "f1": 0.9336394948335247,
      "log_loss": 0.1690238643583455,
      "roc_auc": 0.9812871608708045,
      "pr_auc": 0.9781835105126565
    },
    "val@tpr90": {
      "accuracy": 0.9355670103092784,
      "precision": 0.949438202247191,
      "recall": 0.8047619047619048,
      "f1": 0.8711340206185567,
      "log_loss": 0.20573821727164465,
      "roc_auc": 0.9605838801951876,
      "pr_auc": 0.9373274581737232
    },
    "test@tpr90": {
      "accuracy": 0.9367319071461083,
      "precision": 0.9694019471488178,
      "recall": 0.8562653562653563,
      "f1": 0.9093281148075668,
      "log_loss": 0.18652477849042598,
      "roc_auc": 0.978445710549832,
      "pr_auc": 0.9733725663186006
    }
  }
}