{
  "thresholds": {
    "tpr95": 0.16371524564015177,
    "tpr90": 0.27577223375776194
  },
  "acc": {
    "train@tpr95": 0.9264197530864198,
    "val@tpr95": 0.8245192307692307,
    "test@tpr95": 0.8700696055684455,
    "train@tpr90": 0.9274074074074075,
    "val@tpr90": 0.8173076923076923,
    "test@tpr90": 0.8723897911832946
  }
}