{
  "core": {
    "thresholds": {
      "tpr95": 0.0076988678406928876,
      "tpr90": 0.00845737419312573
    },
    "dom": {
      "train@tpr95": {
        "accuracy": 0.8356950462583441,
        "precision": 0.7577171572146446,
        "recall": 0.9876023391812866,
        "f1": 0.8575200568701127,
        "log_loss": 0.2138101638735598,
        "roc_auc": 0.9850137352841138,
        "pr_auc": 0.9870674264880478
      },
      "val@tpr95": {
        "accuracy": 0.5485564304461942,
        "precision": 0.0,
        "recall": 0.0,
        "f1": 0.0,
        "log_loss": 0.01933011340367279,
        "roc_auc": NaN,
        "pr_auc": 0.0
      },
      "test@tpr95": {
        "accuracy": 0.5588541666666667,
        "precision": 0.0,
        "recall": 0.0,
        "f1": 0.0,
        "log_loss": 0.11572569374986828,
        "roc_auc": NaN,
        "pr_auc": 0.0
      },
      "train@tpr90": {
        "accuracy": 0.8472303548424874,
        "precision": 0.7721484196060467,
        "recall": 0.9857309941520468,
        "f1": 0.8659645517595684,
        "log_loss": 0.2138101638735598,
        "roc_auc": 0.9850137352841138,
        "pr_auc": 0.9870674264880478
      },
      "val@tpr90": {
        "accuracy": 0.652230971128609,
        "precision": 0.0,
        "recall": 0.0,
        "f1": 0.0,
        "log_loss": 0.01933011340367279,
        "roc_auc": NaN,
        "pr_auc": 0.0
      },
      "test@tpr90": {
        "accuracy": 0.6416666666666667,
        "precision": 0.0,
        "recall": 0.0,
        "f1": 0.0,
        "log_loss": 0.11572569374986828,
        "roc_auc": NaN,
        "pr_auc": 0.0
      }
    },
    "js": {
      "train@tpr95": {
        "accuracy": 0.9888309754281459,
        "precision": 0.8266666666666667,
        "recall": 0.5688073394495413,
        "f1": 0.6739130434782609,
        "log_loss": 0.06210524825687919,
        "roc_auc": 0.9160340406542472,
        "pr_auc": 0.6905328426846471
      },
      "val@tpr95": {
        "accuracy": 0.667779632721202,
        "precision": 0.0,
        "recall": 0.0,
        "f1": 0.0,
        "log_loss": 0.03484404394656697,
        "roc_auc": NaN,
        "pr_auc": 0.0
      },
      "test@tpr95": {
        "accuracy": 0.6838283828382838,
        "precision": 0.0,
        "recall": 0.0,
        "f1": 0.0,
        "log_loss": 0.16054919336552734,
        "roc_auc": NaN,
        "pr_auc": 0.0
      },
      "train@tpr90": {
        "accuracy": 0.9890171258376769,
        "precision": 0.8472222222222222,
        "recall": 0.5596330275229358,
        "f1": 0.6740331491712708,
        "log_loss": 0.06210524825687919,
        "roc_auc": 0.9160340406542472,
        "pr_auc": 0.6905328426846471
      },
      "val@tpr90": {
        "accuracy": 0.7395659432387313,
        "precision": 0.0,
        "recall": 0.0,
        "f1": 0.0,
        "log_loss": 0.03484404394656697,
        "roc_auc": NaN,
        "pr_auc": 0.0
      },
      "test@tpr90": {
        "accuracy": 0.735973597359736,
        "precision": 0.0,
        "recall": 0.0,
        "f1": 0.0,
        "log_loss": 0.16054919336552734,
        "roc_auc": NaN,
        "pr_auc": 0.0
      }
    },
    "fused": {
      "train@tpr95": {
        "accuracy": 0.0,
        "precision": 0.0,
        "recall": 0.0,
        "f1": 0.0,
        "log_loss": 0.6931471805599454,
        "roc_auc": NaN,
        "pr_auc": 0.0
      },
      "val@tpr95": {
        "accuracy": 0.0667779632721202,
        "precision": 0.012367491166077738,
        "recall": 1.0,
        "f1": 0.02443280977312391,
        "log_loss": 0.39832286406823775,
        "roc_auc": 0.8067084942084942,
        "pr_auc": 0.0560413605435394
      },
      "test@tpr95": {
        "accuracy": 0.12739273927392739,
        "precision": 0.07638402242466713,
        "recall": 0.9646017699115044,
        "f1": 0.14155844155844155,
        "log_loss": 0.4777317395312905,
        "roc_auc": 0.537146680469115,
        "pr_auc": 0.09898029161693034
      },
      "train@tpr90": {
        "accuracy": 0.0,
        "precision": 0.0,
        "recall": 0.0,
        "f1": 0.0,
        "log_loss": 0.6931471805599454,
        "roc_auc": NaN,
        "pr_auc": 0.0
      },
      "val@tpr90": {
        "accuracy": 0.0667779632721202,
        "precision": 0.012367491166077738,
        "recall": 1.0,
        "f1": 0.02443280977312391,
        "log_loss": 0.39832286406823775,
        "roc_auc": 0.8067084942084942,
        "pr_auc": 0.0560413605435394
      },
      "test@tpr90": {
        "accuracy": 0.12739273927392739,
        "precision": 0.07638402242466713,
        "recall": 0.9646017699115044,
        "f1": 0.14155844155844155,
        "log_loss": 0.4777317395312905,
        "roc_auc": 0.537146680469115,
        "pr_auc": 0.09898029161693034
      }
    }
  },
  "light_heads": {
    "url": {
      "T": 1.298231840133667,
      "metrics": {
        "pr_auc": 0.9049190623887139,
        "roc_auc": 0.979896766150244
      },
      "thresholds": {
        "0.95": {
          "fpr": 0.10987791342952276,
          "threshold": 0.012074420228600502
        },
        "0.9": {
          "fpr": 0.04827968923418424,
          "threshold": 0.022587012499570847
        }
      }
    },
    "js_charcnn_aug": {
      "T": 1.1219373941421509,
      "metrics": {
        "pr_auc": 0.8522872491810236,
        "roc_auc": 0.9594061211404639
      },
      "thresholds": {
        "0.95": {
          "fpr": 0.3007570543702684,
          "threshold": 0.005453646648675203
        },
        "0.9": {
          "fpr": 0.0956641431520991,
          "threshold": 0.01531450729817152
        }
      }
    }
  },
  "cascade": {
    "stage1": {
      "thr_hi": 1.0,
      "thr_lo": 0.0
    },
    "coverage": {
      "val": {
        "overall": NaN,
        "phish": NaN,
        "benign": NaN
      },
      "test": {
        "overall": NaN,
        "phish": NaN,
        "benign": NaN
      }
    }
  }
}