{
  "core": {
    "thresholds": {
      "tpr95": 0.007705270011272171,
      "tpr90": 0.008923276327886885
    },
    "dom": {
      "train@tpr95": {
        "accuracy": 0.8357536011242535,
        "precision": 0.7577851566005565,
        "recall": 0.9876023391812866,
        "f1": 0.8575636012796425,
        "log_loss": 0.2138101638735598,
        "roc_auc": 0.9850137352841138,
        "pr_auc": 0.9870674264880478
      },
      "val@tpr95": {
        "accuracy": 0.5045871559633027,
        "precision": 0.02077922077922078,
        "recall": 0.8888888888888888,
        "f1": 0.04060913705583756,
        "log_loss": 0.05304236895036319,
        "roc_auc": 0.8020925434718538,
        "pr_auc": 0.2759607324646657
      },
      "test@tpr95": {
        "accuracy": 0.5442708333333334,
        "precision": 0.13803376365441908,
        "recall": 0.952054794520548,
        "f1": 0.24111014744145706,
        "log_loss": 0.19139707846614945,
        "roc_auc": 0.9088739942240275,
        "pr_auc": 0.696422697419572
      },
      "train@tpr90": {
        "accuracy": 0.853729944958426,
        "precision": 0.7802889959244165,
        "recall": 0.9852631578947368,
        "f1": 0.8708777008167063,
        "log_loss": 0.2138101638735598,
        "roc_auc": 0.9850137352841138,
        "pr_auc": 0.9870674264880478
      },
      "val@tpr90": {
        "accuracy": 0.6671035386631717,
        "precision": 0.03065134099616858,
        "recall": 0.8888888888888888,
        "f1": 0.05925925925925926,
        "log_loss": 0.05304236895036319,
        "roc_auc": 0.8020925434718538,
        "pr_auc": 0.2759607324646657
      },
      "test@tpr90": {
        "accuracy": 0.7005208333333334,
        "precision": 0.19047619047619047,
        "recall": 0.9041095890410958,
        "f1": 0.3146603098927294,
        "log_loss": 0.19139707846614945,
        "roc_auc": 0.9088739942240275,
        "pr_auc": 0.696422697419572
      }
    },
    "js": {
      "train@tpr95": {
        "accuracy": 0.12937453462397616,
        "precision": 0.021775544388609715,
        "recall": 0.9541284403669725,
        "f1": 0.04257932446264074,
        "log_loss": 0.18566954742060232,
        "roc_auc": 0.9240421708064087,
        "pr_auc": 0.6657706756567504
      },
      "val@tpr95": {
        "accuracy": 0.528133704735376,
        "precision": 0.528133704735376,
        "recall": 1.0,
        "f1": 0.6912139992708713,
        "log_loss": 0.28238007447426555,
        "roc_auc": 0.937469176393227,
        "pr_auc": 0.9605916776488214
      },
      "test@tpr95": {
        "accuracy": 0.5383120488617434,
        "precision": 0.5383120488617434,
        "recall": 1.0,
        "f1": 0.6998736690128136,
        "log_loss": 0.2557612674472119,
        "roc_auc": 0.9511557711648453,
        "pr_auc": 0.9691355101042305
      },
      "train@tpr90": {
        "accuracy": 0.263216679076694,
        "precision": 0.02563470544737491,
        "recall": 0.9541284403669725,
        "f1": 0.04992798847815651,
        "log_loss": 0.18566954742060232,
        "roc_auc": 0.9240421708064087,
        "pr_auc": 0.6657706756567504
      },
      "val@tpr90": {
        "accuracy": 0.528133704735376,
        "precision": 0.528133704735376,
        "recall": 1.0,
        "f1": 0.6912139992708713,
        "log_loss": 0.28238007447426555,
        "roc_auc": 0.937469176393227,
        "pr_auc": 0.9605916776488214
      },
      "test@tpr90": {
        "accuracy": 0.5383120488617434,
        "precision": 0.5383120488617434,
        "recall": 1.0,
        "f1": 0.6998736690128136,
        "log_loss": 0.2557612674472119,
        "roc_auc": 0.9511557711648453,
        "pr_auc": 0.9691355101042305
      }
    },
    "fused": {
      "train@tpr95": {
        "accuracy": 0.0,
        "precision": 0.0,
        "recall": 0.0,
        "f1": 0.0,
        "log_loss": 0.07646700144423854,
        "roc_auc": NaN,
        "pr_auc": 0.0
      },
      "val@tpr95": {
        "accuracy": 0.2706185567010309,
        "precision": 0.2706185567010309,
        "recall": 1.0,
        "f1": 0.4259634888438134,
        "log_loss": 0.20573821727164465,
        "roc_auc": 0.9605838801951876,
        "pr_auc": 0.9373274581737232
      },
      "test@tpr95": {
        "accuracy": 0.3705052344105599,
        "precision": 0.3705052344105599,
        "recall": 1.0,
        "f1": 0.5406841580870143,
        "log_loss": 0.18652477849042598,
        "roc_auc": 0.978445710549832,
        "pr_auc": 0.9733725663186006
      },
      "train@tpr90": {
        "accuracy": 0.0,
        "precision": 0.0,
        "recall": 0.0,
        "f1": 0.0,
        "log_loss": 0.07646700144423854,
        "roc_auc": NaN,
        "pr_auc": 0.0
      },
      "val@tpr90": {
        "accuracy": 0.2706185567010309,
        "precision": 0.2706185567010309,
        "recall": 1.0,
        "f1": 0.4259634888438134,
        "log_loss": 0.20573821727164465,
        "roc_auc": 0.9605838801951876,
        "pr_auc": 0.9373274581737232
      },
      "test@tpr90": {
        "accuracy": 0.3705052344105599,
        "precision": 0.3705052344105599,
        "recall": 1.0,
        "f1": 0.5406841580870143,
        "log_loss": 0.18652477849042598,
        "roc_auc": 0.978445710549832,
        "pr_auc": 0.9733725663186006
      }
    }
  },
  "light_heads": {
    "url": {
      "T": 1.084442138671875,
      "metrics": {
        "pr_auc": 0.9576853512884204,
        "roc_auc": 0.9517963968325323
      },
      "thresholds": {
        "0.95": {
          "fpr": 0.15760869565217392,
          "threshold": 0.9997934699058533
        },
        "0.9": {
          "fpr": 0.12895256916996048,
          "threshold": 0.9999395608901978
        }
      }
    }
  },
  "cascade": null
}