{
  "temperature": 3.015133005456338,
  "metrics": {
    "pr_auc": 0.9815003509530864,
    "roc_auc": 0.9624955563455385
  },
  "thresholds": {
    "0.95": {
      "fpr": 0.20114942528735633,
      "threshold": 0.326931032912261
    },
    "0.9": {
      "fpr": 0.05172413793103448,
      "threshold": 0.8147261634304735
    }
  }
}