{
  "temperature": 1.1766661103979374,
  "metrics": {
    "pr_auc": 0.6870468048588073,
    "roc_auc": 0.9044570740220228
  },
  "thresholds": {
    "0.95": {
      "fpr": 0.5732807215332582,
      "threshold": 0.0018254158871865364
    },
    "0.9": {
      "fpr": 0.28692220969560317,
      "threshold": 0.0027806865719397864
    }
  }
}