{
  "temperature": 1.5936407701259894,
  "metrics": {
    "pr_auc": 0.7170663322126083,
    "roc_auc": 0.9088739942240275
  },
  "thresholds": {
    "0.95": {
      "fpr": 0.48928974069898534,
      "threshold": 0.007705270011272171
    },
    "0.9": {
      "fpr": 0.31623449830890643,
      "threshold": 0.008923276327886885
    }
  }
}