{
  "temperature": 2.112645866397135,
  "metrics": {
    "pr_auc": 0.9726061322465611,
    "roc_auc": 0.9714828359489784
  },
  "thresholds": {
    "0.95": {
      "fpr": 0.14267352185089974,
      "threshold": 0.10532451639128576
    },
    "0.9": {
      "fpr": 0.06748071979434447,
      "threshold": 0.3341929470543628
    }
  }
}