{
  "temperature": 1.4487351063388711,
  "metrics": {
    "pr_auc": 0.6363649265168384,
    "roc_auc": 0.8732799493444117
  },
  "thresholds": {
    "0.95": {
      "fpr": 0.5975197294250282,
      "threshold": 0.00737865915100415
    },
    "0.9": {
      "fpr": 0.42559188275084553,
      "threshold": 0.007886095446299713
    }
  }
}