{
  "temperature": 1.5090461929793861,
  "metrics": {
    "pr_auc": 0.6705534770793229,
    "roc_auc": 0.9036578585658909
  },
  "thresholds": {
    "0.95": {
      "fpr": 0.4577226606538895,
      "threshold": 0.007523560507538344
    },
    "0.9": {
      "fpr": 0.28241262683201807,
      "threshold": 0.009302363131440406
    }
  }
}