{
  "temperature": 4.472285585332948,
  "metrics": {
    "pr_auc": 0.9676195255286513,
    "roc_auc": 0.9542743371052723
  },
  "thresholds": {
    "0.95": {
      "fpr": 0.3026052104208417,
      "threshold": 0.23278240856878812
    },
    "0.9": {
      "fpr": 0.14829659318637275,
      "threshold": 0.27863087805703995
    }
  }
}