{
  "temperature": 2.0070485587558906,
  "metrics": {
    "pr_auc": 0.9780796031610517,
    "roc_auc": 0.9669617563177068
  },
  "thresholds": {
    "0.95": {
      "fpr": 0.21042084168336672,
      "threshold": 0.09145565456352778
    },
    "0.9": {
      "fpr": 0.06513026052104208,
      "threshold": 0.6569721637935398
    }
  }
}