{
  "temperature": 2.6312762653487924,
  "metrics": {
    "pr_auc": 0.9698905902580237,
    "roc_auc": 0.9344575082508251
  },
  "thresholds": {
    "0.95": {
      "fpr": 0.3515625,
      "threshold": 0.16371524564015177
    },
    "0.9": {
      "fpr": 0.1875,
      "threshold": 0.27577223375776194
    }
  }
}