{
  "temperature": 1.486327275698927,
  "metrics": {
    "pr_auc": 0.7121671016222975,
    "roc_auc": 0.9157773625117759
  },
  "thresholds": {
    "0.95": {
      "fpr": 0.39853438556933485,
      "threshold": 0.0076988678406928876
    },
    "0.9": {
      "fpr": 0.3128523111612176,
      "threshold": 0.00845737419312573
    }
  }
}