{
  "temperature": 2.0813432783557673,
  "metrics": {
    "pr_auc": 0.9773294220468531,
    "roc_auc": 0.9657114347554062
  },
  "thresholds": {
    "0.95": {
      "fpr": 0.22745490981963928,
      "threshold": 0.09628983336783392
    },
    "0.9": {
      "fpr": 0.07965931863727455,
      "threshold": 0.22640509664642994
    }
  }
}