{
  "temperature": 3.9366293190096036,
  "metrics": {
    "pr_auc": 0.9572981980074847,
    "roc_auc": 0.9422365571995669
  },
  "thresholds": {
    "0.95": {
      "fpr": 0.22058823529411764,
      "threshold": 0.341852460203616
    },
    "0.9": {
      "fpr": 0.21323529411764705,
      "threshold": 0.3615182031538254
    }
  }
}