{
  "temperature": 1.2817198371080392,
  "metrics": {
    "pr_auc": 0.7306673351885266,
    "roc_auc": 0.9072469165414768
  },
  "thresholds": {
    "0.95": {
      "fpr": 0.5349500713266762,
      "threshold": 0.00583575074723393
    },
    "0.9": {
      "fpr": 0.4950071326676177,
      "threshold": 0.005862740826582212
    }
  }
}