{
  "temperature": 1.342939400473535,
  "metrics": {
    "pr_auc": 0.7479271489986412,
    "roc_auc": 0.9171884665395832
  },
  "thresholds": {
    "0.95": {
      "fpr": 0.38659058487874465,
      "threshold": 0.006836719431375164
    },
    "0.9": {
      "fpr": 0.3609129814550642,
      "threshold": 0.006989629657727953
    }
  }
}