{
  "temperature": 2.150265938647804,
  "metrics": {
    "pr_auc": 0.9690994503766932,
    "roc_auc": 0.9511557711648453
  },
  "thresholds": {
    "0.95": {
      "fpr": 0.4076969332531569,
      "threshold": 0.11911884877539675
    },
    "0.9": {
      "fpr": 0.09561034275405893,
      "threshold": 0.19020277437249994
    }
  }
}