{
  "temperature": 1.9148013263325097,
  "metrics": {
    "pr_auc": 0.9544257535932879,
    "roc_auc": 0.9594439144330684
  },
  "thresholds": {
    "0.95": {
      "fpr": 0.27910339840925524,
      "threshold": 0.080563119566845
    },
    "0.9": {
      "fpr": 0.0730296456977585,
      "threshold": 0.2028606233806683
    }
  }
}