{
  "temperature": 2.2632613713004543,
  "metrics": {
    "pr_auc": 0.9271819321449974,
    "roc_auc": 0.9036508797767615
  },
  "thresholds": {
    "0.95": {
      "fpr": 0.32989690721649484,
      "threshold": 0.17197153070414387
    },
    "0.9": {
      "fpr": 0.31958762886597936,
      "threshold": 0.17408875982956754
    }
  }
}