{
  "temperature": 1.31360475903926,
  "metrics": {
    "pr_auc": 0.7351927771802992,
    "roc_auc": 0.9097717546362339
  },
  "thresholds": {
    "0.95": {
      "fpr": 0.5399429386590585,
      "threshold": 0.006920427650447092
    },
    "0.9": {
      "fpr": 0.39728958630527816,
      "threshold": 0.007116729311740386
    }
  }
}